country,name,world_6region
abkh,Abkhazia,europe_central_asia
abw,Aruba,america
afg,Afghanistan,south_asia
ago,Angola,sub_saharan_africa
aia,Anguilla,america
akr_a_dhe,Akrotiri and Dhekelia,europe_central_asia
ala,Åland,europe_central_asia
alb,Albania,europe_central_asia
and,Andorra,europe_central_asia
ant,Netherlands Antilles,america
are,United Arab Emirates,middle_east_north_africa
arg,Argentina,america
arm,Armenia,europe_central_asia
asm,American Samoa,east_asia_pacific
ata,Antarctica,
atg,Antigua and Barbuda,america
aus,Australia,east_asia_pacific
aut,Austria,europe_central_asia
aze,Azerbaijan,europe_central_asia
bdi,Burundi,sub_saharan_africa
bel,Belgium,europe_central_asia
ben,Benin,sub_saharan_africa
bfa,Burkina Faso,sub_saharan_africa
bgd,Bangladesh,south_asia
bgr,Bulgaria,europe_central_asia
bhr,Bahrain,middle_east_north_africa
bhs,Bahamas,america
bih,Bosnia and Herzegovina,europe_central_asia
blr,Belarus,europe_central_asia
blz,Belize,america
bmu,Bermuda,america
bol,Bolivia,america
bouisl,Bouvet Island,
bra,Brazil,america
brb,Barbados,america
brn,Brunei,east_asia_pacific
btn,Bhutan,south_asia
bwa,Botswana,sub_saharan_africa
caf,Central African Republic,sub_saharan_africa
can,Canada,america
cck,Cocos Island,east_asia_pacific
chanisl,Channel Islands,europe_central_asia
che,Switzerland,europe_central_asia
cheslo,Czechoslovakia,europe_central_asia
chl,Chile,america
chn,China,east_asia_pacific
civ,Cote d'Ivoire,sub_saharan_africa
cmr,Cameroon,sub_saharan_africa
cod,"Congo, Dem. Rep.",sub_saharan_africa
cog,"Congo, Rep.",sub_saharan_africa
cok,Cook Is,east_asia_pacific
col,Colombia,america
com,Comoros,sub_saharan_africa
cpv,Cape Verde,sub_saharan_africa
cri,Costa Rica,america
cub,Cuba,america
cxr,Christmas Island,east_asia_pacific
cym,Cayman Islands,america
cyp,Cyprus,europe_central_asia
cyp_nor,Northern Cyprus,europe_central_asia
cze,Czech Republic,europe_central_asia
deu,Germany,europe_central_asia
deu_east,East Germany,europe_central_asia
deu_west,West Germany,europe_central_asia
dji,Djibouti,middle_east_north_africa
dma,Dominica,america
dnk,Denmark,europe_central_asia
dom,Dominican Republic,america
dza,Algeria,middle_east_north_africa
ecu,Ecuador,america
egy,Egypt,middle_east_north_africa
eri,Eritrea,sub_saharan_africa
eri_a_eth,Eritrea and Ethiopia,sub_saharan_africa
esh,Western Sahara,middle_east_north_africa
esp,Spain,europe_central_asia
est,Estonia,europe_central_asia
eth,Ethiopia,sub_saharan_africa
fin,Finland,europe_central_asia
fji,Fiji,east_asia_pacific
flk,Falkland Is (Malvinas),america
fra,France,europe_central_asia
fra_antarc,French Southern and Antarctic Lands,
fra_clipperton,Clipperton,
fro,Faeroe Islands,europe_central_asia
fsm,"Micronesia, Fed. Sts.",east_asia_pacific
gab,Gabon,sub_saharan_africa
gbg,Guernsey,europe_central_asia
gbm,Isle of Man,europe_central_asia
gbr,United Kingdom,europe_central_asia
geo,Georgia,europe_central_asia
gha,Ghana,sub_saharan_africa
gib,Gibraltar,europe_central_asia
gin,Guinea,sub_saharan_africa
glp,Guadeloupe,america
gmb,Gambia,sub_saharan_africa
gnb,Guinea-Bissau,sub_saharan_africa
gnq,Equatorial Guinea,sub_saharan_africa
grc,Greece,europe_central_asia
grd,Grenada,america
grl,Greenland,europe_central_asia
gtm,Guatemala,america
guf,French Guiana,america
gum,Guam,east_asia_pacific
guy,Guyana,america
heard_a_mcd,Heard and McDonald Islands,
hkg,"Hong Kong, China",east_asia_pacific
hnd,Honduras,america
hos,Holy See,europe_central_asia
hrv,Croatia,europe_central_asia
hti,Haiti,america
hun,Hungary,europe_central_asia
idn,Indonesia,east_asia_pacific
ind,India,south_asia
iot,British Indian Ocean Territory,
irl,Ireland,europe_central_asia
irn,Iran,middle_east_north_africa
irq,Iraq,middle_east_north_africa
isl,Iceland,europe_central_asia
isr,Israel,middle_east_north_africa
ita,Italy,europe_central_asia
jam,Jamaica,america
jey,Jersey,europe_central_asia
jor,Jordan,middle_east_north_africa
jpn,Japan,east_asia_pacific
kaz,Kazakhstan,europe_central_asia
ken,Kenya,sub_saharan_africa
kgz,Kyrgyz Republic,europe_central_asia
khm,Cambodia,east_asia_pacific
kir,Kiribati,east_asia_pacific
kna,St. Kitts and Nevis,america
kor,South Korea,east_asia_pacific
korea_union,United Korea (former),
kos,Kosovo,europe_central_asia
kwt,Kuwait,middle_east_north_africa
lao,Lao,east_asia_pacific
lbn,Lebanon,middle_east_north_africa
lbr,Liberia,sub_saharan_africa
lby,Libya,middle_east_north_africa
lca,St. Lucia,america
lie,Liechtenstein,europe_central_asia
lka,Sri Lanka,south_asia
lso,Lesotho,sub_saharan_africa
ltu,Lithuania,europe_central_asia
lux,Luxembourg,europe_central_asia
lva,Latvia,europe_central_asia
mac,"Macao, China",east_asia_pacific
maf,St. Martin (French part),
mar,Morocco,middle_east_north_africa
mco,Monaco,europe_central_asia
mda,Moldova,europe_central_asia
mdg,Madagascar,sub_saharan_africa
mdv,Maldives,south_asia
mex,Mexico,america
mhl,Marshall Islands,east_asia_pacific
mkd,North Macedonia,europe_central_asia
mli,Mali,sub_saharan_africa
mlt,Malta,europe_central_asia
mmr,Myanmar,east_asia_pacific
mne,Montenegro,europe_central_asia
mng,Mongolia,east_asia_pacific
mnp,Northern Mariana Islands,east_asia_pacific
moz,Mozambique,sub_saharan_africa
mrt,Mauritania,sub_saharan_africa
msr,Montserrat,america
mtq,Martinique,america
mus,Mauritius,sub_saharan_africa
mwi,Malawi,sub_saharan_africa
mys,Malaysia,east_asia_pacific
myt,Mayotte,sub_saharan_africa
nam,Namibia,sub_saharan_africa
ncl,New Caledonia,east_asia_pacific
ner,Niger,sub_saharan_africa
nfk,Norfolk Island,east_asia_pacific
nga,Nigeria,sub_saharan_africa
ngokar,Ngorno-Karabakh,europe_central_asia
nic,Nicaragua,america
niu,Niue,east_asia_pacific
nld,Netherlands,europe_central_asia
nld_curacao,Curaçao,america
nor,Norway,europe_central_asia
npl,Nepal,south_asia
nru,Nauru,east_asia_pacific
nzl,New Zealand,east_asia_pacific
omn,Oman,middle_east_north_africa
pak,Pakistan,south_asia
pan,Panama,america
pcn,Pitcairn,east_asia_pacific
per,Peru,america
phl,Philippines,east_asia_pacific
plw,Palau,east_asia_pacific
png,Papua New Guinea,east_asia_pacific
pol,Poland,europe_central_asia
pri,Puerto Rico,america
prk,North Korea,east_asia_pacific
prt,Portugal,europe_central_asia
pry,Paraguay,america
pse,Palestine,middle_east_north_africa
pse_gaza,Gaza Strip,
pse_west_bank,West Bank,
pyf,French Polynesia,east_asia_pacific
qat,Qatar,middle_east_north_africa
reu,Reunion,sub_saharan_africa
rou,Romania,europe_central_asia
rus,Russia,europe_central_asia
rwa,Rwanda,sub_saharan_africa
sau,Saudi Arabia,middle_east_north_africa
scg,Serbia and Montenegro,europe_central_asia
scg_ex_kos,Serbia excluding Kosovo,europe_central_asia
sdn,Sudan,sub_saharan_africa
sen,Senegal,sub_saharan_africa
sgero_a_ssandw,South Georgia and the South Sandwich Islands,
sgp,Singapore,east_asia_pacific
shn,St. Helena,sub_saharan_africa
sjm,Svalbard,europe_central_asia
slb,Solomon Islands,east_asia_pacific
sle,Sierra Leone,sub_saharan_africa
slv,El Salvador,america
smr,San Marino,europe_central_asia
som,Somalia,sub_saharan_africa
som_somland,Somaliland,sub_saharan_africa
sosset,South Ossetia,europe_central_asia
spm,St.-Pierre-et-Miquelon,america
srb,Serbia,europe_central_asia
ssd,South Sudan,sub_saharan_africa
stbar,St. Barthélemy,america
stmar,St. Martin,america
stp,Sao Tome and Principe,sub_saharan_africa
sur,Suriname,america
svk,Slovak Republic,europe_central_asia
svn,Slovenia,europe_central_asia
swe,Sweden,europe_central_asia
swz,Eswatini,sub_saharan_africa
sxm,Sint Maarten (Dutch part),
syc,Seychelles,sub_saharan_africa
syr,Syria,middle_east_north_africa
tca,Turks and Caicos Islands,america
tcd,Chad,sub_saharan_africa
tgo,Togo,sub_saharan_africa
tha,Thailand,east_asia_pacific
tjk,Tajikistan,europe_central_asia
tkl,Tokelau,east_asia_pacific
tkm,Turkmenistan,europe_central_asia
tls,Timor-Leste,east_asia_pacific
ton,Tonga,east_asia_pacific
transn,Transnistria,europe_central_asia
tto,Trinidad and Tobago,america
tun,Tunisia,middle_east_north_africa
tur,Turkey,europe_central_asia
tuv,Tuvalu,east_asia_pacific
twn,Taiwan,east_asia_pacific
tza,Tanzania,sub_saharan_africa
uga,Uganda,sub_saharan_africa
ukr,Ukraine,europe_central_asia
ury,Uruguay,america
usa,United States,america
usa_minor_out_isl,US Minor Outlying Islands,
ussr,USSR,europe_central_asia
uzb,Uzbekistan,europe_central_asia
vct,St. Vincent and the Grenadines,america
ven,Venezuela,america
vgb,British Virgin Islands,america
vir,Virgin Islands (U.S.),america
vnm,Vietnam,east_asia_pacific
vut,Vanuatu,east_asia_pacific
wlf,Wallis et Futuna,east_asia_pacific
wsm,Samoa,east_asia_pacific
yem,Yemen,middle_east_north_africa
yem_north,North Yemen (former),middle_east_north_africa
yem_south,South Yemen (former),middle_east_north_africa
yug,Yugoslavia,europe_central_asia
zaf,South Africa,sub_saharan_africa
zmb,Zambia,sub_saharan_africa
zwe,Zimbabwe,sub_saharan_africa
