time,geo,age_group,gender,youth_literacy_rate
2000,abw,15-24,female,99.17
2010,abw,15-24,female,99.32
1979,afg,15-24,female,11.14
2001,ago,15-24,female,63.18
2011,ago,15-24,female,66.06
1984,aia,15-24,female,99.1
2001,alb,15-24,female,99.5
2008,alb,15-24,female,99.12
2011,alb,15-24,female,98.86
1992,ant,15-24,female,97.33
2011,ant,15-24,female,98.48
1975,are,15-24,female,56.28
1985,are,15-24,female,84.51
2005,are,15-24,female,97.0
1980,arg,15-24,female,97.3
1991,arg,15-24,female,98.54
2001,arg,15-24,female,99.13
2011,arg,15-24,female,99.4
1989,arm,15-24,female,99.91
2001,arm,15-24,female,99.86
2011,arm,15-24,female,99.83
1999,aze,15-24,female,99.9
2007,aze,15-24,female,100.0
2009,aze,15-24,female,99.95
1979,bdi,15-24,female,21.49
1990,bdi,15-24,female,48.01
2000,bdi,15-24,female,70.37
2008,bdi,15-24,female,88.11
1979,ben,15-24,female,18.26
1992,ben,15-24,female,26.69
2002,ben,15-24,female,33.24
2006,ben,15-24,female,30.79
1975,bfa,15-24,female,6.664
1991,bfa,15-24,female,14.17
1996,bfa,15-24,female,13.99
2003,bfa,15-24,female,24.81
2005,bfa,15-24,female,26.48
2007,bfa,15-24,female,33.13
1981,bgd,15-24,female,27.15
1991,bgd,15-24,female,37.99
2001,bgd,15-24,female,60.26
2011,bgd,15-24,female,80.41
2001,bgr,15-24,female,98.11
2011,bgr,15-24,female,97.65
1981,bhr,15-24,female,82.08
1991,bhr,15-24,female,96.58
2001,bhr,15-24,female,97.25
2010,bhr,15-24,female,97.58
2000,bih,15-24,female,99.84
2011,bih,15-24,female,99.71
1989,blr,15-24,female,99.8
1999,blr,15-24,female,99.83
2009,blr,15-24,female,99.85
1991,blz,15-24,female,76.7
1976,bol,15-24,female,75.84
1992,bol,15-24,female,91.57
2001,bol,15-24,female,96.11
2007,bol,15-24,female,99.14
2008,bol,15-24,female,98.88
2009,bol,15-24,female,99.08
1980,bra,15-24,female,85.24
2000,bra,15-24,female,95.72
2004,bra,15-24,female,97.9
2006,bra,15-24,female,98.36
2007,bra,15-24,female,98.56
2008,bra,15-24,female,98.53
2009,bra,15-24,female,98.69
2010,bra,15-24,female,98.32
1981,brn,15-24,female,93.24
1991,brn,15-24,female,98.08
2001,brn,15-24,female,98.91
2011,brn,15-24,female,99.71
2005,btn,15-24,female,67.96
1991,bwa,15-24,female,92.25
2003,bwa,15-24,female,95.6
2011,bwa,15-24,female,96.97
1975,caf,15-24,female,17.97
1988,caf,15-24,female,34.85
2000,caf,15-24,female,49.02
2011,caf,15-24,female,59.11
1982,chl,15-24,female,97.12
1992,chl,15-24,female,98.7
2002,chl,15-24,female,99.18
2008,chl,15-24,female,99.2
2009,chl,15-24,female,98.89
1982,chn,15-24,female,82.1
1990,chn,15-24,female,91.45
2000,chn,15-24,female,98.5
2010,chn,15-24,female,99.59
1988,civ,15-24,female,37.85
1998,civ,15-24,female,39.85
2000,civ,15-24,female,52.13
2011,civ,15-24,female,62.75
1976,cmr,15-24,female,59.06
2000,cmr,15-24,female,77.96
2007,cmr,15-24,female,77.48
2010,cmr,15-24,female,76.42
2001,cod,15-24,female,63.09
2007,cod,15-24,female,53.25
1993,col,15-24,female,91.85
1996,col,15-24,female,97.57
2004,col,15-24,female,98.41
2005,col,15-24,female,98.37
2006,col,15-24,female,98.19
2007,col,15-24,female,98.42
2008,col,15-24,female,98.43
2009,col,15-24,female,98.43
2010,col,15-24,female,98.52
2011,col,15-24,female,98.72
1980,com,15-24,female,54.9
2000,com,15-24,female,77.56
2011,com,15-24,female,85.94
1990,cpv,15-24,female,86.42
2004,cpv,15-24,female,98.03
2011,cpv,15-24,female,99.25
1984,cri,15-24,female,97.54
2000,cri,15-24,female,98.04
2011,cri,15-24,female,98.72
2002,cub,15-24,female,99.95
2011,cub,15-24,female,99.98
2007,cym,15-24,female,98.62
1992,cyp,15-24,female,99.66
2001,cyp,15-24,female,99.82
2011,cyp,15-24,female,99.84
1981,dom,15-24,female,83.94
2002,dom,15-24,female,95.42
2007,dom,15-24,female,96.93
2010,dom,15-24,female,97.88
2011,dom,15-24,female,98.05
1987,dza,15-24,female,62.21
2002,dza,15-24,female,86.13
2006,dza,15-24,female,89.14
1982,ecu,15-24,female,92.28
1990,ecu,15-24,female,95.83
2001,ecu,15-24,female,96.49
2007,ecu,15-24,female,95.63
2009,ecu,15-24,female,96.85
2010,ecu,15-24,female,98.85
2011,ecu,15-24,female,98.81
1976,egy,15-24,female,38.12
1986,egy,15-24,female,54.0
1996,egy,15-24,female,66.93
2005,egy,15-24,female,78.95
2006,egy,15-24,female,81.75
2010,egy,15-24,female,84.31
2011,egy,15-24,female,85.18
2002,eri,15-24,female,69.48
2011,eri,15-24,female,87.72
1981,esp,15-24,female,98.64
1991,esp,15-24,female,99.57
2005,esp,15-24,female,99.5
2007,esp,15-24,female,99.56
2008,esp,15-24,female,99.6
2009,esp,15-24,female,99.56
2010,esp,15-24,female,99.69
1989,est,15-24,female,99.9
2000,est,15-24,female,99.81
2011,est,15-24,female,99.85
1994,eth,15-24,female,28.08
2004,eth,15-24,female,38.5
2005,eth,15-24,female,33.3
2007,eth,15-24,female,47.04
1993,gab,15-24,female,92.11
2004,gab,15-24,female,95.58
2011,gab,15-24,female,96.97
2002,geo,15-24,female,99.86
2011,geo,15-24,female,99.85
2000,gha,15-24,female,65.49
2010,gha,15-24,female,83.23
1996,gin,15-24,female,13.47
2003,gin,15-24,female,34.07
2010,gin,15-24,female,21.8
2000,gmb,15-24,female,41.39
2011,gmb,15-24,female,63.62
1979,gnb,15-24,female,17.8
2000,gnb,15-24,female,45.9
2011,gnb,15-24,female,67.08
2000,gnq,15-24,female,96.62
2011,gnq,15-24,female,98.41
1981,grc,15-24,female,98.88
1991,grc,15-24,female,98.98
2001,grc,15-24,female,98.99
2011,grc,15-24,female,99.28
1994,gtm,15-24,female,70.72
2002,gtm,15-24,female,78.39
2011,gtm,15-24,female,85.55
2009,guy,15-24,female,93.67
2001,hnd,15-24,female,90.91
2007,hnd,15-24,female,95.05
2010,hnd,15-24,female,95.88
2011,hnd,15-24,female,96.93
1991,hrv,15-24,female,99.6
2001,hrv,15-24,female,99.65
2011,hrv,15-24,female,99.67
1982,hti,15-24,female,51.05
2003,hti,15-24,female,80.69
2006,hti,15-24,female,70.48
1980,hun,15-24,female,99.32
1994,hun,15-24,female,99.18
2004,hun,15-24,female,99.1
2011,hun,15-24,female,99.03
1980,idn,15-24,female,81.65
1990,idn,15-24,female,95.07
2004,idn,15-24,female,98.54
2006,idn,15-24,female,96.27
2008,idn,15-24,female,99.38
2009,idn,15-24,female,99.4
2011,idn,15-24,female,98.75
1981,ind,15-24,female,40.32
1991,ind,15-24,female,49.35
2001,ind,15-24,female,67.75
2006,ind,15-24,female,74.36
1976,irn,15-24,female,42.33
1986,irn,15-24,female,65.59
1991,irn,15-24,female,81.2
1996,irn,15-24,female,90.56
2005,irn,15-24,female,96.74
2006,irn,15-24,female,96.13
2008,irn,15-24,female,98.52
2000,irq,15-24,female,80.49
2011,irq,15-24,female,80.54
1983,isr,15-24,female,98.05
1981,ita,15-24,female,99.59
2001,ita,15-24,female,99.82
2011,ita,15-24,female,99.92
1999,jam,15-24,female,96.3
2011,jam,15-24,female,98.48
1979,jor,15-24,female,84.83
2003,jor,15-24,female,98.91
2005,jor,15-24,female,99.02
2007,jor,15-24,female,98.95
2010,jor,15-24,female,98.77
2011,jor,15-24,female,99.25
1989,kaz,15-24,female,99.75
1999,kaz,15-24,female,99.87
2009,kaz,15-24,female,99.87
2000,ken,15-24,female,91.94
2007,ken,15-24,female,81.63
1999,kgz,15-24,female,99.74
2009,kgz,15-24,female,99.8
1998,khm,15-24,female,71.07
2004,khm,15-24,female,78.9
2008,khm,15-24,female,85.53
2009,khm,15-24,female,85.87
1975,kwt,15-24,female,66.01
1980,kwt,15-24,female,76.03
1985,kwt,15-24,female,84.09
1995,kwt,15-24,female,90.18
2005,kwt,15-24,female,99.79
2006,kwt,15-24,female,98.5
2007,kwt,15-24,female,98.51
2008,kwt,15-24,female,98.74
1995,lao,15-24,female,64.05
2000,lao,15-24,female,73.56
2001,lao,15-24,female,74.68
2005,lao,15-24,female,78.74
2007,lbn,15-24,female,99.08
1984,lbr,15-24,female,33.72
1994,lbr,15-24,female,54.19
2004,lbr,15-24,female,73.36
2007,lbr,15-24,female,37.17
1984,lby,15-24,female,80.31
1994,lby,15-24,female,96.34
2004,lby,15-24,female,99.42
2011,lby,15-24,female,99.85
1981,lka,15-24,female,90.19
2001,lka,15-24,female,96.12
2006,lka,15-24,female,97.94
2008,lka,15-24,female,98.59
2010,lka,15-24,female,98.59
2000,lso,15-24,female,97.5
2009,lso,15-24,female,92.09
1989,ltu,15-24,female,99.71
2001,ltu,15-24,female,99.74
2011,ltu,15-24,female,99.78
1989,lva,15-24,female,99.82
2000,lva,15-24,female,99.78
2011,lva,15-24,female,99.74
1981,mac,15-24,female,94.21
2001,mac,15-24,female,99.81
2006,mac,15-24,female,99.7
2011,mac,15-24,female,99.69
1982,mar,15-24,female,30.95
1994,mar,15-24,female,46.0
2004,mar,15-24,female,60.49
2008,mar,15-24,female,69.9
2009,mar,15-24,female,72.15
2011,mar,15-24,female,74.03
1989,mda,15-24,female,99.74
2000,mda,15-24,female,99.65
2011,mda,15-24,female,100.0
2000,mdg,15-24,female,68.19
2009,mdg,15-24,female,63.97
1977,mdv,15-24,female,87.12
1985,mdv,15-24,female,96.18
1990,mdv,15-24,female,98.32
1995,mdv,15-24,female,98.3
2000,mdv,15-24,female,98.3
2006,mdv,15-24,female,99.36
1980,mex,15-24,female,90.86
1990,mex,15-24,female,94.9
2000,mex,15-24,female,96.48
2002,mex,15-24,female,97.27
2004,mex,15-24,female,97.61
2005,mex,15-24,female,97.63
2006,mex,15-24,female,97.69
2007,mex,15-24,female,98.12
2008,mex,15-24,female,98.36
2009,mex,15-24,female,98.38
2010,mex,15-24,female,98.49
2011,mex,15-24,female,98.51
1994,mkd,15-24,female,98.57
2002,mkd,15-24,female,98.49
2011,mkd,15-24,female,98.5
1976,mli,15-24,female,13.47
1998,mli,15-24,female,16.86
2006,mli,15-24,female,30.8
2010,mli,15-24,female,33.95
2011,mli,15-24,female,38.81
1985,mlt,15-24,female,99.05
1995,mlt,15-24,female,97.81
2005,mlt,15-24,female,99.11
1983,mmr,15-24,female,81.34
2000,mmr,15-24,female,93.47
2011,mmr,15-24,female,95.85
2011,mne,15-24,female,99.3
2000,mng,15-24,female,98.43
2011,mng,15-24,female,97.25
1980,moz,15-24,female,25.12
1997,moz,15-24,female,36.55
2003,moz,15-24,female,50.04
2009,moz,15-24,female,56.54
2000,mrt,15-24,female,55.48
2011,mrt,15-24,female,66.18
1990,mus,15-24,female,91.71
2000,mus,15-24,female,95.36
2011,mus,15-24,female,97.83
1987,mwi,15-24,female,49.13
1998,mwi,15-24,female,70.7
2010,mwi,15-24,female,69.98
1980,mys,15-24,female,86.53
1991,mys,15-24,female,95.22
2000,mys,15-24,female,97.27
2010,mys,15-24,female,98.46
1991,nam,15-24,female,90.42
2001,nam,15-24,female,93.48
2007,nam,15-24,female,90.62
2001,ner,15-24,female,14.23
2005,ner,15-24,female,23.2
1991,nga,15-24,female,62.49
2003,nga,15-24,female,60.51
2008,nga,15-24,female,57.95
2001,nic,15-24,female,88.82
2005,nic,15-24,female,88.84
1981,npl,15-24,female,14.97
1991,npl,15-24,female,32.67
2001,npl,15-24,female,60.14
2011,npl,15-24,female,77.47
2003,omn,15-24,female,96.66
2008,omn,15-24,female,97.62
2010,omn,15-24,female,98.17
1981,pak,15-24,female,23.83
1998,pak,15-24,female,43.11
2005,pak,15-24,female,53.09
2006,pak,15-24,female,58.37
2008,pak,15-24,female,61.25
2009,pak,15-24,female,61.46
1980,pan,15-24,female,96.28
1990,pan,15-24,female,94.78
2000,pan,15-24,female,95.62
2010,pan,15-24,female,97.34
1981,per,15-24,female,89.76
1993,per,15-24,female,93.79
2004,per,15-24,female,95.66
2005,per,15-24,female,96.29
2006,per,15-24,female,96.96
2007,per,15-24,female,96.71
1980,phl,15-24,female,92.47
1990,phl,15-24,female,96.88
2000,phl,15-24,female,95.72
2003,phl,15-24,female,96.58
2008,phl,15-24,female,98.49
1980,plw,15-24,female,94.36
2000,png,15-24,female,64.06
2011,png,15-24,female,74.81
1978,pol,15-24,female,99.82
1994,pol,15-24,female,100.0
2004,pol,15-24,female,100.0
2011,pol,15-24,female,100.0
1980,pri,15-24,female,94.4
1990,pri,15-24,female,94.11
2004,pri,15-24,female,89.31
2011,pri,15-24,female,87.02
2008,prk,15-24,female,100.0
1981,prt,15-24,female,98.22
1991,prt,15-24,female,99.26
2011,prt,15-24,female,99.78
1982,pry,15-24,female,89.0
1992,pry,15-24,female,95.36
2007,pry,15-24,female,98.78
2008,pry,15-24,female,98.23
2009,pry,15-24,female,98.99
2010,pry,15-24,female,98.73
1997,pse,15-24,female,97.19
2004,pse,15-24,female,98.85
2006,pse,15-24,female,99.15
2007,pse,15-24,female,98.99
2008,pse,15-24,female,99.03
2009,pse,15-24,female,99.23
2010,pse,15-24,female,99.27
2011,pse,15-24,female,99.37
1986,qat,15-24,female,91.23
1997,qat,15-24,female,95.81
2004,qat,15-24,female,97.54
2007,qat,15-24,female,98.97
2008,qat,15-24,female,96.88
2009,qat,15-24,female,97.95
2010,qat,15-24,female,98.26
1992,rou,15-24,female,99.03
2002,rou,15-24,female,97.78
2011,rou,15-24,female,97.36
1989,rus,15-24,female,99.75
2002,rus,15-24,female,99.77
2010,rus,15-24,female,99.76
1978,rwa,15-24,female,44.69
2000,rwa,15-24,female,76.86
2010,rwa,15-24,female,77.97
1992,sau,15-24,female,81.07
2000,sau,15-24,female,93.71
2004,sau,15-24,female,94.68
2011,sau,15-24,female,97.01
2000,sdn,15-24,female,72.33
2011,sdn,15-24,female,84.55
1988,sen,15-24,female,28.03
2002,sen,15-24,female,40.97
2006,sen,15-24,female,44.54
2009,sen,15-24,female,56.19
1980,sgp,15-24,female,96.16
1990,sgp,15-24,female,99.08
2000,sgp,15-24,female,99.6
2010,sgp,15-24,female,99.77
2004,sle,15-24,female,37.36
2011,sle,15-24,female,52.06
1992,slv,15-24,female,84.95
2004,slv,15-24,female,90.98
2006,slv,15-24,female,95.45
2007,slv,15-24,female,93.89
2008,slv,15-24,female,96.48
2009,slv,15-24,female,95.32
2010,slv,15-24,female,96.39
2011,srb,15-24,female,99.25
1981,stp,15-24,female,74.06
1991,stp,15-24,female,91.85
2001,stp,15-24,female,94.85
2008,stp,15-24,female,77.34
2004,sur,15-24,female,94.14
2008,sur,15-24,female,99.46
2010,sur,15-24,female,98.8
1991,svn,15-24,female,99.78
2004,svn,15-24,female,99.87
2011,svn,15-24,female,99.9
1976,swz,15-24,female,74.98
1986,swz,15-24,female,84.3
2000,swz,15-24,female,92.94
2011,swz,15-24,female,95.31
1987,syc,15-24,female,98.46
1994,syc,15-24,female,99.14
2002,syc,15-24,female,99.37
2011,syc,15-24,female,99.37
1981,syr,15-24,female,59.02
2002,syr,15-24,female,92.96
2004,syr,15-24,female,90.22
2011,syr,15-24,female,94.11
1993,tcd,15-24,female,8.946
2000,tcd,15-24,female,23.24
2004,tcd,15-24,female,30.77
2011,tcd,15-24,female,42.19
2000,tgo,15-24,female,63.55
2006,tgo,15-24,female,67.92
2009,tgo,15-24,female,74.56
2011,tgo,15-24,female,72.71
1980,tha,15-24,female,96.17
2000,tha,15-24,female,97.85
2005,tha,15-24,female,97.88
1989,tjk,15-24,female,99.67
2000,tjk,15-24,female,99.85
2011,tjk,15-24,female,99.88
1995,tkm,15-24,female,99.81
2011,tkm,15-24,female,99.89
2010,tls,15-24,female,78.57
1976,ton,15-24,female,99.8
1996,ton,15-24,female,99.35
2006,ton,15-24,female,99.56
1980,tto,15-24,female,99.24
1990,tto,15-24,female,99.3
2004,tto,15-24,female,99.5
2011,tto,15-24,female,99.58
1984,tun,15-24,female,62.52
1994,tun,15-24,female,75.08
2004,tun,15-24,female,92.24
2007,tun,15-24,female,94.72
2008,tun,15-24,female,95.79
2010,tun,15-24,female,96.09
1975,tur,15-24,female,68.25
1980,tur,15-24,female,75.24
1985,tur,15-24,female,85.96
1990,tur,15-24,female,88.39
2004,tur,15-24,female,93.3
2005,tur,15-24,female,93.96
2006,tur,15-24,female,94.12
2007,tur,15-24,female,94.29
2009,tur,15-24,female,96.57
2010,tur,15-24,female,97.2
2011,tur,15-24,female,97.94
1988,tza,15-24,female,77.87
2002,tza,15-24,female,76.2
2010,tza,15-24,female,72.77
1991,uga,15-24,female,63.12
2002,uga,15-24,female,76.18
2006,uga,15-24,female,81.13
2010,uga,15-24,female,85.47
2001,ukr,15-24,female,99.83
2011,ukr,15-24,female,99.82
1975,ury,15-24,female,98.84
1985,ury,15-24,female,99.0
1996,ury,15-24,female,99.02
2006,ury,15-24,female,99.11
2007,ury,15-24,female,99.02
2008,ury,15-24,female,99.32
2009,ury,15-24,female,99.61
2010,ury,15-24,female,99.23
2000,uzb,15-24,female,99.89
2011,uzb,15-24,female,99.99
1981,ven,15-24,female,93.89
1990,ven,15-24,female,96.36
2001,ven,15-24,female,98.07
2007,ven,15-24,female,98.84
2009,ven,15-24,female,98.8
1979,vnm,15-24,female,94.02
1989,vnm,15-24,female,93.4
1999,vnm,15-24,female,93.59
2000,vnm,15-24,female,94.06
2011,vnm,15-24,female,96.65
1979,vut,15-24,female,67.64
1994,vut,15-24,female,85.17
2004,vut,15-24,female,91.87
2011,vut,15-24,female,94.79
1991,wsm,15-24,female,98.95
2004,wsm,15-24,female,99.44
2011,wsm,15-24,female,99.6
1994,yem,15-24,female,35.38
2004,yem,15-24,female,60.46
2011,yem,15-24,female,76.02
1980,zaf,15-24,female,84.97
1996,zaf,15-24,female,94.29
2007,zaf,15-24,female,98.09
2011,zaf,15-24,female,99.16
1990,zmb,15-24,female,65.52
1999,zmb,15-24,female,66.23
2002,zmb,15-24,female,66.31
2007,zmb,15-24,female,58.48
1982,zwe,15-24,female,84.81
1992,zwe,15-24,female,94.35
2011,zwe,15-24,female,92.12
2000,abw,15-24,male,98.88
2010,abw,15-24,male,98.97
1979,afg,15-24,male,45.8
2001,ago,15-24,male,83.78
2011,ago,15-24,male,80.12
1984,aia,15-24,male,99.12
2001,alb,15-24,male,99.37
2008,alb,15-24,male,98.54
2011,alb,15-24,male,98.73
1992,ant,15-24,male,96.6
2011,ant,15-24,male,98.47
1975,are,15-24,male,65.51
1985,are,15-24,male,81.01
2005,are,15-24,male,93.63
1980,arg,15-24,male,96.46
1991,arg,15-24,male,98.07
2001,arg,15-24,male,98.71
2011,arg,15-24,male,99.03
1989,arm,15-24,male,99.91
2001,arm,15-24,male,99.75
2011,arm,15-24,male,99.69
1999,aze,15-24,male,99.87
2007,aze,15-24,male,100.0
2009,aze,15-24,male,99.96
1979,bdi,15-24,male,40.93
1990,bdi,15-24,male,59.5
2000,bdi,15-24,male,76.78
2008,bdi,15-24,male,89.59
1979,ben,15-24,male,45.71
1992,ben,15-24,male,55.13
2002,ben,15-24,male,59.21
2006,ben,15-24,male,54.87
1975,bfa,15-24,male,22.38
1991,bfa,15-24,male,26.79
1996,bfa,15-24,male,25.48
2003,bfa,15-24,male,38.38
2005,bfa,15-24,male,40.38
2007,bfa,15-24,male,46.73
1981,bgd,15-24,male,44.36
1991,bgd,15-24,male,51.74
2001,bgd,15-24,male,67.16
2011,bgd,15-24,male,77.07
2001,bgr,15-24,male,98.31
2011,bgr,15-24,male,98.07
1981,bhr,15-24,male,89.69
1991,bhr,15-24,male,97.26
2001,bhr,15-24,male,96.83
2010,bhr,15-24,male,98.62
2000,bih,15-24,male,99.75
2011,bih,15-24,male,99.69
1989,blr,15-24,male,99.73
1999,blr,15-24,male,99.76
2009,blr,15-24,male,99.8
1991,blz,15-24,male,76.14
1976,bol,15-24,male,91.47
1992,bol,15-24,male,96.32
2001,bol,15-24,male,98.55
2007,bol,15-24,male,99.75
2008,bol,15-24,male,99.39
2009,bol,15-24,male,99.69
1980,bra,15-24,male,82.56
2000,bra,15-24,male,92.65
2004,bra,15-24,male,95.78
2006,bra,15-24,male,96.8
2007,bra,15-24,male,97.06
2008,bra,15-24,male,97.18
2009,bra,15-24,male,97.45
2010,bra,15-24,male,96.72
1981,brn,15-24,male,94.06
1991,brn,15-24,male,98.11
2001,brn,15-24,male,98.87
2011,brn,15-24,male,99.78
2005,btn,15-24,male,80.04
1991,bwa,15-24,male,85.9
2003,bwa,15-24,male,92.08
2011,bwa,15-24,male,93.48
1975,caf,15-24,male,53.99
1988,caf,15-24,male,62.56
2000,caf,15-24,male,72.59
2011,caf,15-24,male,72.29
1982,chl,15-24,male,96.18
1992,chl,15-24,male,98.16
2002,chl,15-24,male,98.8
2008,chl,15-24,male,99.11
2009,chl,15-24,male,98.86
1982,chn,15-24,male,95.21
1990,chn,15-24,male,96.98
2000,chn,15-24,male,99.2
2010,chn,15-24,male,99.69
1988,civ,15-24,male,59.93
1998,civ,15-24,male,54.4
2000,civ,15-24,male,70.84
2011,civ,15-24,male,72.29
1976,cmr,15-24,male,79.59
2000,cmr,15-24,male,88.42
2007,cmr,15-24,male,89.42
2010,cmr,15-24,male,85.4
2001,cod,15-24,male,77.98
2007,cod,15-24,male,78.94
1993,col,15-24,male,89.38
1996,col,15-24,male,96.39
2004,col,15-24,male,97.55
2005,col,15-24,male,97.52
2006,col,15-24,male,97.53
2007,col,15-24,male,97.48
2008,col,15-24,male,97.55
2009,col,15-24,male,97.44
2010,col,15-24,male,97.68
2011,col,15-24,male,97.76
1980,com,15-24,male,69.36
2000,com,15-24,male,83.95
2011,com,15-24,male,86.14
1990,cpv,15-24,male,89.95
2004,cpv,15-24,male,96.23
2011,cpv,15-24,male,97.65
1984,cri,15-24,male,96.75
2000,cri,15-24,male,97.2
2011,cri,15-24,male,97.88
2002,cub,15-24,male,99.96
2011,cub,15-24,male,99.99
2007,cym,15-24,male,99.14
1992,cyp,15-24,male,99.58
2001,cyp,15-24,male,99.74
2011,cyp,15-24,male,99.8
1981,dom,15-24,male,81.26
2002,dom,15-24,male,93.0
2007,dom,15-24,male,94.63
2010,dom,15-24,male,95.78
2011,dom,15-24,male,96.09
1987,dza,15-24,male,86.23
2002,dza,15-24,male,94.06
2006,dza,15-24,male,94.38
1982,ecu,15-24,male,94.55
1990,ecu,15-24,male,96.58
2001,ecu,15-24,male,96.38
2007,ecu,15-24,male,95.22
2009,ecu,15-24,male,96.82
2010,ecu,15-24,male,98.47
2011,ecu,15-24,male,98.59
1976,egy,15-24,male,63.04
1986,egy,15-24,male,71.38
1996,egy,15-24,male,78.99
2005,egy,15-24,male,90.08
2006,egy,15-24,male,87.86
2010,egy,15-24,male,90.56
2011,egy,15-24,male,91.46
2002,eri,15-24,male,86.25
2011,eri,15-24,male,92.56
1981,esp,15-24,male,98.64
1991,esp,15-24,male,99.54
2005,esp,15-24,male,99.57
2007,esp,15-24,male,99.58
2008,esp,15-24,male,99.53
2009,esp,15-24,male,99.64
2010,esp,15-24,male,99.51
1989,est,15-24,male,99.83
2000,est,15-24,male,99.73
2011,est,15-24,male,99.75
1994,eth,15-24,male,39.29
2004,eth,15-24,male,62.2
2005,eth,15-24,male,55.88
2007,eth,15-24,male,62.97
1993,gab,15-24,male,94.41
2004,gab,15-24,male,97.79
2011,gab,15-24,male,98.78
2002,geo,15-24,male,99.79
2011,geo,15-24,male,99.76
2000,gha,15-24,male,75.95
2010,gha,15-24,male,88.31
1996,gin,15-24,male,44.12
2003,gin,15-24,male,59.46
2010,gin,15-24,male,37.57
2000,gmb,15-24,male,64.34
2011,gmb,15-24,male,72.64
1979,gnb,15-24,male,59.69
2000,gnb,15-24,male,74.8
2011,gnb,15-24,male,79.27
2000,gnq,15-24,male,97.61
2011,gnq,15-24,male,97.71
1981,grc,15-24,male,99.05
1991,grc,15-24,male,98.99
2001,grc,15-24,male,98.89
2011,grc,15-24,male,99.42
1994,gtm,15-24,male,81.72
2002,gtm,15-24,male,86.38
2011,gtm,15-24,male,89.33
2009,guy,15-24,male,92.42
2001,hnd,15-24,male,86.89
2007,hnd,15-24,male,92.7
2010,hnd,15-24,male,94.45
2011,hnd,15-24,male,94.93
1991,hrv,15-24,male,99.67
2001,hrv,15-24,male,99.64
2011,hrv,15-24,male,99.62
1982,hti,15-24,male,51.26
2003,hti,15-24,male,82.66
2006,hti,15-24,male,74.37
1980,hun,15-24,male,99.42
1994,hun,15-24,male,99.11
2004,hun,15-24,male,98.91
2011,hun,15-24,male,98.77
1980,idn,15-24,male,89.59
1990,idn,15-24,male,97.4
2004,idn,15-24,male,98.87
2006,idn,15-24,male,97.03
2008,idn,15-24,male,99.54
2009,idn,15-24,male,99.55
2011,idn,15-24,male,98.8
1981,ind,15-24,male,66.31
1991,ind,15-24,male,73.51
2001,ind,15-24,male,84.19
2006,ind,15-24,male,88.41
1976,irn,15-24,male,70.9
1986,irn,15-24,male,84.53
1991,irn,15-24,male,92.44
1996,irn,15-24,male,95.52
2005,irn,15-24,male,98.11
2006,irn,15-24,male,97.15
2008,irn,15-24,male,98.79
2000,irq,15-24,male,88.91
2011,irq,15-24,male,84.09
1983,isr,15-24,male,99.05
1981,ita,15-24,male,99.7
2001,ita,15-24,male,99.8
2011,ita,15-24,male,99.91
1999,jam,15-24,male,87.31
2011,jam,15-24,male,92.89
1979,jor,15-24,male,95.79
2003,jor,15-24,male,99.33
2005,jor,15-24,male,98.93
2007,jor,15-24,male,98.95
2010,jor,15-24,male,98.76
2011,jor,15-24,male,99.05
1989,kaz,15-24,male,99.7
1999,kaz,15-24,male,99.82
2009,kaz,15-24,male,99.8
2000,ken,15-24,male,93.31
2007,ken,15-24,male,83.21
1999,kgz,15-24,male,99.65
2009,kgz,15-24,male,99.7
1998,khm,15-24,male,81.85
2004,khm,15-24,male,87.92
2008,khm,15-24,male,89.38
2009,khm,15-24,male,88.36
1975,kwt,15-24,male,77.69
1980,kwt,15-24,male,81.29
1985,kwt,15-24,male,90.69
1995,kwt,15-24,male,93.8
2005,kwt,15-24,male,99.69
2006,kwt,15-24,male,98.52
2007,kwt,15-24,male,98.4
2008,kwt,15-24,male,98.57
1995,lao,15-24,male,78.82
2000,lao,15-24,male,88.06
2001,lao,15-24,male,82.6
2005,lao,15-24,male,89.19
2007,lbn,15-24,male,98.4
1984,lbr,15-24,male,62.83
1994,lbr,15-24,male,65.75
2004,lbr,15-24,male,69.1
2007,lbr,15-24,male,63.45
1984,lby,15-24,male,97.85
1994,lby,15-24,male,99.43
2004,lby,15-24,male,99.85
2011,lby,15-24,male,99.94
1981,lka,15-24,male,91.88
2001,lka,15-24,male,95.07
2006,lka,15-24,male,97.03
2008,lka,15-24,male,97.33
2010,lka,15-24,male,97.69
2000,lso,15-24,male,84.83
2009,lso,15-24,male,74.19
1989,ltu,15-24,male,99.64
2001,ltu,15-24,male,99.66
2011,ltu,15-24,male,99.77
1989,lva,15-24,male,99.75
2000,lva,15-24,male,99.72
2011,lva,15-24,male,99.65
1981,mac,15-24,male,95.14
2001,mac,15-24,male,99.43
2006,mac,15-24,male,99.59
2011,mac,15-24,male,99.65
1982,mar,15-24,male,58.12
1994,mar,15-24,male,71.38
2004,mar,15-24,male,80.8
2008,mar,15-24,male,85.81
2009,mar,15-24,male,86.73
2011,mar,15-24,male,88.83
1989,mda,15-24,male,99.72
2000,mda,15-24,male,99.4
2011,mda,15-24,male,100.0
2000,mdg,15-24,male,72.65
2009,mdg,15-24,male,65.91
1977,mdv,15-24,male,84.13
1985,mdv,15-24,male,94.89
1990,mdv,15-24,male,98.08
1995,mdv,15-24,male,98.03
2000,mdv,15-24,male,98.03
2006,mdv,15-24,male,99.24
1980,mex,15-24,male,93.09
1990,mex,15-24,male,95.96
2000,mex,15-24,male,96.75
2002,mex,15-24,male,97.94
2004,mex,15-24,male,97.52
2005,mex,15-24,male,97.64
2006,mex,15-24,male,98.11
2007,mex,15-24,male,98.2
2008,mex,15-24,male,98.41
2009,mex,15-24,male,98.67
2010,mex,15-24,male,98.38
2011,mex,15-24,male,98.42
1994,mkd,15-24,male,99.14
2002,mkd,15-24,male,98.99
2011,mkd,15-24,male,98.83
1976,mli,15-24,male,26.67
1998,mli,15-24,male,32.25
2006,mli,15-24,male,47.38
2010,mli,15-24,male,56.37
2011,mli,15-24,male,56.0
1985,mlt,15-24,male,97.43
1995,mlt,15-24,male,94.37
2005,mlt,15-24,male,97.46
1983,mmr,15-24,male,88.57
2000,mmr,15-24,male,95.79
2011,mmr,15-24,male,96.34
2011,mne,15-24,male,99.33
2000,mng,15-24,male,97.0
2011,mng,15-24,male,94.12
1980,moz,15-24,male,63.95
1997,moz,15-24,male,59.45
2003,moz,15-24,male,74.36
2009,moz,15-24,male,79.84
2000,mrt,15-24,male,67.73
2011,mrt,15-24,male,71.64
1990,mus,15-24,male,90.7
2000,mus,15-24,male,93.72
2011,mus,15-24,male,95.79
1987,mwi,15-24,male,70.44
1998,mwi,15-24,male,82.09
2010,mwi,15-24,male,74.27
1980,mys,15-24,male,89.5
1991,mys,15-24,male,95.91
2000,mys,15-24,male,97.21
2010,mys,15-24,male,98.38
1991,nam,15-24,male,85.7
2001,nam,15-24,male,91.15
2007,nam,15-24,male,83.24
2001,ner,15-24,male,13.69
2005,ner,15-24,male,52.45
1991,nga,15-24,male,81.36
2003,nga,15-24,male,78.13
2008,nga,15-24,male,75.57
2001,nic,15-24,male,83.63
2005,nic,15-24,male,85.16
1981,npl,15-24,male,45.1
1991,npl,15-24,male,68.23
2001,npl,15-24,male,80.62
2011,npl,15-24,male,89.24
2003,omn,15-24,male,97.87
2008,omn,15-24,male,97.63
2010,omn,15-24,male,97.41
1981,pak,15-24,male,44.5
1998,pak,15-24,male,67.15
2005,pak,15-24,male,76.65
2006,pak,15-24,male,79.1
2008,pak,15-24,male,79.42
2009,pak,15-24,male,79.14
1980,pan,15-24,male,95.93
1990,pan,15-24,male,95.39
2000,pan,15-24,male,96.53
2010,pan,15-24,male,97.93
1981,per,15-24,male,96.51
1993,per,15-24,male,96.99
2004,per,15-24,male,97.8
2005,per,15-24,male,97.92
2006,per,15-24,male,98.51
2007,per,15-24,male,98.01
1980,phl,15-24,male,91.06
1990,phl,15-24,male,96.28
2000,phl,15-24,male,94.46
2003,phl,15-24,male,93.58
2008,phl,15-24,male,97.02
1980,plw,15-24,male,94.19
2000,png,15-24,male,69.13
2011,png,15-24,male,67.01
1978,pol,15-24,male,99.78
1994,pol,15-24,male,100.0
2004,pol,15-24,male,100.0
2011,pol,15-24,male,100.0
1980,pri,15-24,male,93.02
1990,pri,15-24,male,92.22
2004,pri,15-24,male,88.09
2011,pri,15-24,male,86.13
2008,prk,15-24,male,100.0
1981,prt,15-24,male,97.66
1991,prt,15-24,male,99.14
2011,prt,15-24,male,99.72
1982,pry,15-24,male,90.17
1992,pry,15-24,male,95.86
2007,pry,15-24,male,98.81
2008,pry,15-24,male,97.69
2009,pry,15-24,male,98.04
2010,pry,15-24,male,98.5
1997,pse,15-24,male,96.91
2004,pse,15-24,male,99.02
2006,pse,15-24,male,99.04
2007,pse,15-24,male,99.13
2008,pse,15-24,male,99.27
2009,pse,15-24,male,99.23
2010,pse,15-24,male,99.21
2011,pse,15-24,male,99.26
1986,qat,15-24,male,88.53
1997,qat,15-24,male,94.12
2004,qat,15-24,male,94.89
2007,qat,15-24,male,99.1
2008,qat,15-24,male,95.32
2009,qat,15-24,male,97.7
2010,qat,15-24,male,96.32
1992,rou,15-24,male,99.18
2002,rou,15-24,male,97.74
2011,rou,15-24,male,97.04
1989,rus,15-24,male,99.69
2002,rus,15-24,male,99.68
2010,rus,15-24,male,99.66
1978,rwa,15-24,male,59.66
2000,rwa,15-24,male,78.52
2010,rwa,15-24,male,76.66
1992,sau,15-24,male,93.96
2000,sau,15-24,male,98.07
2004,sau,15-24,male,96.95
2011,sau,15-24,male,99.0
2000,sdn,15-24,male,85.69
2011,sdn,15-24,male,89.95
1988,sen,15-24,male,49.13
2002,sen,15-24,male,58.49
2006,sen,15-24,male,58.13
2009,sen,15-24,male,74.2
1980,sgp,15-24,male,96.41
1990,sgp,15-24,male,98.86
2000,sgp,15-24,male,99.41
2010,sgp,15-24,male,99.74
2004,sle,15-24,male,59.61
2011,sle,15-24,male,70.47
1992,slv,15-24,male,84.95
2004,slv,15-24,male,86.91
2006,slv,15-24,male,94.4
2007,slv,15-24,male,93.22
2008,slv,15-24,male,95.41
2009,slv,15-24,male,94.71
2010,slv,15-24,male,95.67
2011,srb,15-24,male,99.29
1981,stp,15-24,male,90.82
1991,stp,15-24,male,95.81
2001,stp,15-24,male,95.97
2008,stp,15-24,male,83.06
2004,sur,15-24,male,95.62
2008,sur,15-24,male,99.38
2010,sur,15-24,male,97.97
1991,svn,15-24,male,99.74
2004,svn,15-24,male,99.79
2011,svn,15-24,male,99.81
1976,swz,15-24,male,76.08
1986,swz,15-24,male,83.09
2000,swz,15-24,male,90.69
2011,swz,15-24,male,92.19
1987,syc,15-24,male,96.81
1994,syc,15-24,male,98.49
2002,syc,15-24,male,98.77
2011,syc,15-24,male,98.77
1981,syr,15-24,male,88.83
2002,syr,15-24,male,97.14
2004,syr,15-24,male,94.61
2011,syr,15-24,male,96.37
1993,tcd,15-24,male,26.25
2000,tcd,15-24,male,55.69
2004,tcd,15-24,male,53.71
2011,tcd,15-24,male,53.56
2000,tgo,15-24,male,83.79
2006,tgo,15-24,male,84.86
2009,tgo,15-24,male,87.63
2011,tgo,15-24,male,86.92
1980,tha,15-24,male,97.57
2000,tha,15-24,male,98.1
2005,tha,15-24,male,98.22
1989,tjk,15-24,male,99.74
2000,tjk,15-24,male,99.84
2011,tjk,15-24,male,99.86
1995,tkm,15-24,male,99.81
2011,tkm,15-24,male,99.77
2010,tls,15-24,male,80.49
1976,ton,15-24,male,99.84
1996,ton,15-24,male,99.27
2006,ton,15-24,male,99.3
1980,tto,15-24,male,99.2
1990,tto,15-24,male,99.3
2004,tto,15-24,male,99.49
2011,tto,15-24,male,99.56
1984,tun,15-24,male,85.74
1994,tun,15-24,male,90.38
2004,tun,15-24,male,96.4
2007,tun,15-24,male,97.84
2008,tun,15-24,male,98.13
2010,tun,15-24,male,98.21
1975,tur,15-24,male,90.75
1980,tur,15-24,male,93.62
1985,tur,15-24,male,95.68
1990,tur,15-24,male,96.57
2004,tur,15-24,male,98.02
2005,tur,15-24,male,98.36
2006,tur,15-24,male,98.37
2007,tur,15-24,male,98.58
2009,tur,15-24,male,99.02
2010,tur,15-24,male,99.21
2011,tur,15-24,male,99.45
1988,tza,15-24,male,86.2
2002,tza,15-24,male,80.92
2010,tza,15-24,male,76.49
1991,uga,15-24,male,77.22
2002,uga,15-24,male,85.96
2006,uga,15-24,male,87.27
2010,uga,15-24,male,89.64
2001,ukr,15-24,male,99.78
2011,ukr,15-24,male,99.74
1975,ury,15-24,male,97.74
1985,ury,15-24,male,98.26
1996,ury,15-24,male,98.15
2006,ury,15-24,male,98.31
2007,ury,15-24,male,98.49
2008,ury,15-24,male,98.63
2009,ury,15-24,male,98.14
2010,ury,15-24,male,98.36
2000,uzb,15-24,male,99.85
2011,uzb,15-24,male,99.89
1981,ven,15-24,male,92.33
1990,ven,15-24,male,94.52
2001,ven,15-24,male,96.33
2007,ven,15-24,male,97.97
2009,ven,15-24,male,98.27
1979,vnm,15-24,male,96.11
1989,vnm,15-24,male,94.08
1999,vnm,15-24,male,94.18
2000,vnm,15-24,male,95.59
2011,vnm,15-24,male,97.48
1979,vut,15-24,male,75.74
1994,vut,15-24,male,87.3
2004,vut,15-24,male,92.11
2011,vut,15-24,male,94.43
1991,wsm,15-24,male,99.12
2004,wsm,15-24,male,99.33
2011,wsm,15-24,male,99.43
1994,yem,15-24,male,82.8
2004,yem,15-24,male,92.82
2011,yem,15-24,male,96.37
1980,zaf,15-24,male,85.35
1996,zaf,15-24,male,93.5
2007,zaf,15-24,male,97.05
2011,zaf,15-24,male,98.41
1990,zmb,15-24,male,67.27
1999,zmb,15-24,male,72.62
2002,zmb,15-24,male,77.73
2007,zmb,15-24,male,70.31
1982,zwe,15-24,male,93.83
1992,zwe,15-24,male,96.54
2011,zwe,15-24,male,89.59
